{
    "env": {
        "browser": true,
        "jquery": true
    },
    "extends": "eslint:recommended",
    "parserOptions": {
        "sourceType": "module"
    },
    "rules": {
        "indent": [
            "error",
            4
        ],
        "linebreak-style": [
            "error",
            "unix"
        ],
        "quotes": [
            "off"
        ],
        "semi": [
            "error",
            "always"
        ],
        "no-console": "off",
	    "no-unused-vars": [2, {
	        "args": "after-used",
	        "argsIgnorePattern": "^_"
	    }]
    },
    "globals": {
        "RED": false
    },
    "plugins": [
        "html"
    ]
}
